Handle,Title,Body (HTML),Vendor,Product Category,Type,Tags,Published,Option1 Name,Option1 Value,Option2 Name,Option2 Value,Option3 Name,Option3 Value,Variant SKU,Variant Grams,Variant Inventory Tracker,Variant Inventory Qty,Variant Inventory Policy,Variant Fulfillment Service,Variant Price,Variant Compare At Price,Variant Requires Shipping,Variant Taxable,Variant Barcode,Image Src,Image Position,Image Alt Text,Gift Card,SEO Title,SEO Description,Google Shopping / Google Product Category,Google Shopping / MPN,Google Shopping / Condition,Variant Image,Variant Weight Unit,Variant Tax Code,Cost per item,Status
art-print-poster,Art Print Poster,<p>High-quality gicl&#xE9;e art print on premium paper.</p>,,,Accessories,,TRUE,Size,A4,,,,,ART-PRINT-POSTER-A4,,,,,,19.99,,,,,,,,,,,,,,,,UK VAT 20%,8,active
art-print-poster,Art Print Poster,<p>High-quality gicl&#xE9;e art print on premium paper.</p>,,,Accessories,,TRUE,Size,A2,,,,,ART-PRINT-POSTER-A2,,,,,,19.99,,,,,,,,,,,,,,,,UK VAT 20%,8,active
art-print-poster,Art Print Poster,<p>High-quality gicl&#xE9;e art print on premium paper.</p>,,,Accessories,,TRUE,Size,A3,,,,,ART-PRINT-POSTER-A3,,,,,,19.99,,,,,,,,,,,,,,,,UK VAT 20%,8,active
canvas-tote-bag,Canvas Tote Bag,<p>Sturdy canvas tote bag with reinforced handles.</p>,,,Bag,,TRUE,Color,Natural,,,,,CANVAS-TOTE-BAG-NATURAL,,,,,,14.99,,,,,,,,,,,,,,,,UK VAT 20%,6,active
canvas-tote-bag,Canvas Tote Bag,<p>Sturdy canvas tote bag with reinforced handles.</p>,,,Bag,,TRUE,Color,Black,,,,,CANVAS-TOTE-BAG-BLACK,,,,,,14.99,,,,,,,,,,,,,,,,UK VAT 20%,6,active
canvas-tote-bag,Canvas Tote Bag,<p>Sturdy canvas tote bag with reinforced handles.</p>,,,Bag,,TRUE,Color,Grey,,,,,CANVAS-TOTE-BAG-GREY,,,,,,14.99,,,,,,,,,,,,,,,,UK VAT 20%,6,active
canvas-tote-bag,Canvas Tote Bag,<p>Sturdy canvas tote bag with reinforced handles.</p>,,,Bag,,TRUE,Color,Navy,,,,,CANVAS-TOTE-BAG-NAVY,,,,,,14.99,,,,,,,,,,,,,,,,UK VAT 20%,6,active
ceramic-mug-11oz,Ceramic Mug (11oz),"<p>Classic 11oz ceramic mug, dishwasher and microwave safe.</p>",,,Mug,,TRUE,Color,White,,,,,CERAMIC-MUG-11OZ-WHITE,,,,,,12.99,,,,,,,,,,,,,,,,UK VAT 20%,5.2,active
ceramic-mug-11oz,Ceramic Mug (11oz),"<p>Classic 11oz ceramic mug, dishwasher and microwave safe.</p>",,,Mug,,TRUE,Color,Black,,,,,CERAMIC-MUG-11OZ-BLACK,,,,,,12.99,,,,,,,,,,,,,,,,UK VAT 20%,5.2,active
ceramic-mug-11oz,Ceramic Mug (11oz),"<p>Classic 11oz ceramic mug, dishwasher and microwave safe.</p>",,,Mug,,TRUE,Color,Forest Green,,,,,CERAMIC-MUG-11OZ-FOREST-GREEN,,,,,,12.99,,,,,,,,,,,,,,,,UK VAT 20%,5.2,active
ceramic-mug-11oz,Ceramic Mug (11oz),"<p>Classic 11oz ceramic mug, dishwasher and microwave safe.</p>",,,Mug,,TRUE,Color,Grey,,,,,CERAMIC-MUG-11OZ-GREY,,,,,,12.99,,,,,,,,,,,,,,,,UK VAT 20%,5.2,active
ceramic-mug-11oz,Ceramic Mug (11oz),"<p>Classic 11oz ceramic mug, dishwasher and microwave safe.</p>",,,Mug,,TRUE,Color,Navy,,,,,CERAMIC-MUG-11OZ-NAVY,,,,,,12.99,,,,,,,,,,,,,,,,UK VAT 20%,5.2,active
ceramic-mug-11oz,Ceramic Mug (11oz),"<p>Classic 11oz ceramic mug, dishwasher and microwave safe.</p>",,,Mug,,TRUE,Color,Pink,,,,,CERAMIC-MUG-11OZ-PINK,,,,,,12.99,,,,,,,,,,,,,,,,UK VAT 20%,5.2,active
ceramic-mug-11oz,Ceramic Mug (11oz),"<p>Classic 11oz ceramic mug, dishwasher and microwave safe.</p>",,,Mug,,TRUE,Color,Red,,,,,CERAMIC-MUG-11OZ-RED,,,,,,12.99,,,,,,,,,,,,,,,,UK VAT 20%,5.2,active
ceramic-mug-11oz,Ceramic Mug (11oz),"<p>Classic 11oz ceramic mug, dishwasher and microwave safe.</p>",,,Mug,,TRUE,Color,Sky Blue,,,,,CERAMIC-MUG-11OZ-SKY-BLUE,,,,,,12.99,,,,,,,,,,,,,,,,UK VAT 20%,5.2,active
classic-backpack,Classic Backpack,<p>Durable everyday backpack with laptop compartment.</p>,,,Bag,,TRUE,Color,Black,Size,S,,,CLASSIC-BACKPACK-BLACK-S,,,,,,49.99,,,,,,,,,,,,,,,,UK VAT 20%,20,active
classic-backpack,Classic Backpack,<p>Durable everyday backpack with laptop compartment.</p>,,,Bag,,TRUE,Color,Black,Size,L,,,CLASSIC-BACKPACK-BLACK-L,,,,,,49.99,,,,,,,,,,,,,,,,UK VAT 20%,20,active
classic-backpack,Classic Backpack,<p>Durable everyday backpack with laptop compartment.</p>,,,Bag,,TRUE,Color,Grey,Size,L,,,CLASSIC-BACKPACK-GREY-L,,,,,,49.99,,,,,,,,,,,,,,,,UK VAT 20%,20,active
classic-backpack,Classic Backpack,<p>Durable everyday backpack with laptop compartment.</p>,,,Bag,,TRUE,Color,Grey,Size,S,,,CLASSIC-BACKPACK-GREY-S,,,,,,49.99,,,,,,,,,,,,,,,,UK VAT 20%,20,active
classic-backpack,Classic Backpack,<p>Durable everyday backpack with laptop compartment.</p>,,,Bag,,TRUE,Color,Navy,Size,L,,,CLASSIC-BACKPACK-NAVY-L,,,,,,49.99,,,,,,,,,,,,,,,,UK VAT 20%,20,active
classic-backpack,Classic Backpack,<p>Durable everyday backpack with laptop compartment.</p>,,,Bag,,TRUE,Color,Navy,Size,S,,,CLASSIC-BACKPACK-NAVY-S,,,,,,49.99,,,,,,,,,,,,,,,,UK VAT 20%,20,active
classic-baseball-cap,Classic Baseball Cap,<p>Adjustable cotton twill baseball cap with curved brim.</p>,,,Cap/Hat,,TRUE,Color,Black,,,,,CLASSIC-BASEBALL-CAP-BLACK,,,,,,19.99,,,,,,,,,,,,,,,,UK VAT 20%,8,active
classic-baseball-cap,Classic Baseball Cap,<p>Adjustable cotton twill baseball cap with curved brim.</p>,,,Cap/Hat,,TRUE,Color,Grey,,,,,CLASSIC-BASEBALL-CAP-GREY,,,,,,19.99,,,,,,,,,,,,,,,,UK VAT 20%,8,active
classic-baseball-cap,Classic Baseball Cap,<p>Adjustable cotton twill baseball cap with curved brim.</p>,,,Cap/Hat,,TRUE,Color,Navy,,,,,CLASSIC-BASEBALL-CAP-NAVY,,,,,,19.99,,,,,,,,,,,,,,,,UK VAT 20%,8,active
classic-baseball-cap,Classic Baseball Cap,<p>Adjustable cotton twill baseball cap with curved brim.</p>,,,Cap/Hat,,TRUE,Color,Olive,,,,,CLASSIC-BASEBALL-CAP-OLIVE,,,,,,19.99,,,,,,,,,,,,,,,,UK VAT 20%,8,active
classic-baseball-cap,Classic Baseball Cap,<p>Adjustable cotton twill baseball cap with curved brim.</p>,,,Cap/Hat,,TRUE,Color,Red,,,,,CLASSIC-BASEBALL-CAP-RED,,,,,,19.99,,,,,,,,,,,,,,,,UK VAT 20%,8,active
classic-baseball-cap,Classic Baseball Cap,<p>Adjustable cotton twill baseball cap with curved brim.</p>,,,Cap/Hat,,TRUE,Color,White,,,,,CLASSIC-BASEBALL-CAP-WHITE,,,,,,19.99,,,,,,,,,,,,,,,,UK VAT 20%,8,active
classic-bomber-jacket,Classic Bomber Jacket,<p>Retro-style bomber jacket with ribbed cuffs and hem.</p>,,,Jacket,,TRUE,Color,Black,Size,XS,,,CLASSIC-BOMBER-JACKET-BLACK-XS,,,,,,89.99,,,,,,,,,,,,,,,,UK VAT 20%,36,active
classic-bomber-jacket,Classic Bomber Jacket,<p>Retro-style bomber jacket with ribbed cuffs and hem.</p>,,,Jacket,,TRUE,Color,Black,Size,2XL,,,CLASSIC-BOMBER-JACKET-BLACK-2XL,,,,,,89.99,,,,,,,,,,,,,,,,UK VAT 20%,36,active
classic-bomber-jacket,Classic Bomber Jacket,<p>Retro-style bomber jacket with ribbed cuffs and hem.</p>,,,Jacket,,TRUE,Color,Black,Size,L,,,CLASSIC-BOMBER-JACKET-BLACK-L,,,,,,89.99,,,,,,,,,,,,,,,,UK VAT 20%,36,active
classic-bomber-jacket,Classic Bomber Jacket,<p>Retro-style bomber jacket with ribbed cuffs and hem.</p>,,,Jacket,,TRUE,Color,Black,Size,M,,,CLASSIC-BOMBER-JACKET-BLACK-M,,,,,,89.99,,,,,,,,,,,,,,,,UK VAT 20%,36,active
classic-bomber-jacket,Classic Bomber Jacket,<p>Retro-style bomber jacket with ribbed cuffs and hem.</p>,,,Jacket,,TRUE,Color,Black,Size,S,,,CLASSIC-BOMBER-JACKET-BLACK-S,,,,,,89.99,,,,,,,,,,,,,,,,UK VAT 20%,36,active
classic-bomber-jacket,Classic Bomber Jacket,<p>Retro-style bomber jacket with ribbed cuffs and hem.</p>,,,Jacket,,TRUE,Color,Black,Size,XL,,,CLASSIC-BOMBER-JACKET-BLACK-XL,,,,,,89.99,,,,,,,,,,,,,,,,UK VAT 20%,36,active
classic-bomber-jacket,Classic Bomber Jacket,<p>Retro-style bomber jacket with ribbed cuffs and hem.</p>,,,Jacket,,TRUE,Color,Olive,Size,2XL,,,CLASSIC-BOMBER-JACKET-OLIVE-2XL,,,,,,89.99,,,,,,,,,,,,,,,,UK VAT 20%,36,active
classic-bomber-jacket,Classic Bomber Jacket,<p>Retro-style bomber jacket with ribbed cuffs and hem.</p>,,,Jacket,,TRUE,Color,Olive,Size,L,,,CLASSIC-BOMBER-JACKET-OLIVE-L,,,,,,89.99,,,,,,,,,,,,,,,,UK VAT 20%,36,active
classic-bomber-jacket,Classic Bomber Jacket,<p>Retro-style bomber jacket with ribbed cuffs and hem.</p>,,,Jacket,,TRUE,Color,Olive,Size,M,,,CLASSIC-BOMBER-JACKET-OLIVE-M,,,,,,89.99,,,,,,,,,,,,,,,,UK VAT 20%,36,active
classic-bomber-jacket,Classic Bomber Jacket,<p>Retro-style bomber jacket with ribbed cuffs and hem.</p>,,,Jacket,,TRUE,Color,Olive,Size,S,,,CLASSIC-BOMBER-JACKET-OLIVE-S,,,,,,89.99,,,,,,,,,,,,,,,,UK VAT 20%,36,active
classic-bomber-jacket,Classic Bomber Jacket,<p>Retro-style bomber jacket with ribbed cuffs and hem.</p>,,,Jacket,,TRUE,Color,Olive,Size,XL,,,CLASSIC-BOMBER-JACKET-OLIVE-XL,,,,,,89.99,,,,,,,,,,,,,,,,UK VAT 20%,36,active
classic-bomber-jacket,Classic Bomber Jacket,<p>Retro-style bomber jacket with ribbed cuffs and hem.</p>,,,Jacket,,TRUE,Color,Olive,Size,XS,,,CLASSIC-BOMBER-JACKET-OLIVE-XS,,,,,,89.99,,,,,,,,,,,,,,,,UK VAT 20%,36,active
classic-cotton-tee,Classic Cotton Tee,<p>Comfortable 100% cotton t-shirt with a classic fit. A wardrobe staple.</p>,,,T-Shirt,,TRUE,Color,Black,Size,S,,,CLASSIC-COTTON-TEE-BLACK-S,,,,,,19.99,,,,,,,,,,,,,,,,UK VAT 20%,8,active
classic-cotton-tee,Classic Cotton Tee,<p>Comfortable 100% cotton t-shirt with a classic fit. A wardrobe staple.</p>,,,T-Shirt,,TRUE,Color,Black,Size,L,,,CLASSIC-COTTON-TEE-BLACK-L,,,,,,19.99,,,,,,,,,,,,,,,,UK VAT 20%,8,active
classic-cotton-tee,Classic Cotton Tee,<p>Comfortable 100% cotton t-shirt with a classic fit. A wardrobe staple.</p>,,,T-Shirt,,TRUE,Color,Black,Size,M,,,CLASSIC-COTTON-TEE-BLACK-M,,,,,,19.99,,,,,,,,,,,,,,,,UK VAT 20%,8,active
classic-cotton-tee,Classic Cotton Tee,<p>Comfortable 100% cotton t-shirt with a classic fit. A wardrobe staple.</p>,,,T-Shirt,,TRUE,Color,Black,Size,XL,,,CLASSIC-COTTON-TEE-BLACK-XL,,,,,,19.99,,,,,,,,,,,,,,,,UK VAT 20%,8,active
classic-cotton-tee,Classic Cotton Tee,<p>Comfortable 100% cotton t-shirt with a classic fit. A wardrobe staple.</p>,,,T-Shirt,,TRUE,Color,Navy,Size,L,,,CLASSIC-COTTON-TEE-NAVY-L,,,,,,19.99,,,,,,,,,,,,,,,,UK VAT 20%,8,active
classic-cotton-tee,Classic Cotton Tee,<p>Comfortable 100% cotton t-shirt with a classic fit. A wardrobe staple.</p>,,,T-Shirt,,TRUE,Color,Navy,Size,M,,,CLASSIC-COTTON-TEE-NAVY-M,,,,,,19.99,,,,,,,,,,,,,,,,UK VAT 20%,8,active
classic-cotton-tee,Classic Cotton Tee,<p>Comfortable 100% cotton t-shirt with a classic fit. A wardrobe staple.</p>,,,T-Shirt,,TRUE,Color,Navy,Size,S,,,CLASSIC-COTTON-TEE-NAVY-S,,,,,,19.99,,,,,,,,,,,,,,,,UK VAT 20%,8,active
classic-cotton-tee,Classic Cotton Tee,<p>Comfortable 100% cotton t-shirt with a classic fit. A wardrobe staple.</p>,,,T-Shirt,,TRUE,Color,Navy,Size,XL,,,CLASSIC-COTTON-TEE-NAVY-XL,,,,,,19.99,,,,,,,,,,,,,,,,UK VAT 20%,8,active
classic-cotton-tee,Classic Cotton Tee,<p>Comfortable 100% cotton t-shirt with a classic fit. A wardrobe staple.</p>,,,T-Shirt,,TRUE,Color,White,Size,L,,,CLASSIC-COTTON-TEE-WHITE-L,,,,,,19.99,,,,,,,,,,,,,,,,UK VAT 20%,8,active
classic-cotton-tee,Classic Cotton Tee,<p>Comfortable 100% cotton t-shirt with a classic fit. A wardrobe staple.</p>,,,T-Shirt,,TRUE,Color,White,Size,M,,,CLASSIC-COTTON-TEE-WHITE-M,,,,,,19.99,,,,,,,,,,,,,,,,UK VAT 20%,8,active
classic-cotton-tee,Classic Cotton Tee,<p>Comfortable 100% cotton t-shirt with a classic fit. A wardrobe staple.</p>,,,T-Shirt,,TRUE,Color,White,Size,S,,,CLASSIC-COTTON-TEE-WHITE-S,,,,,,19.99,,,,,,,,,,,,,,,,UK VAT 20%,8,active
classic-cotton-tee,Classic Cotton Tee,<p>Comfortable 100% cotton t-shirt with a classic fit. A wardrobe staple.</p>,,,T-Shirt,,TRUE,Color,White,Size,XL,,,CLASSIC-COTTON-TEE-WHITE-XL,,,,,,19.99,,,,,,,,,,,,,,,,UK VAT 20%,8,active
classic-pique-polo,Classic Pique Polo,<p>Timeless pique polo shirt with ribbed collar and cuffs.</p>,,,Polo Shirt,,TRUE,Color,White,Size,S,,,CLASSIC-PIQUE-POLO-WHITE-S,,,,,,34.99,,,,,,,,,,,,,,,,UK VAT 20%,14,active
classic-pique-polo,Classic Pique Polo,<p>Timeless pique polo shirt with ribbed collar and cuffs.</p>,,,Polo Shirt,,TRUE,Color,Black,Size,L,,,CLASSIC-PIQUE-POLO-BLACK-L,,,,,,34.99,,,,,,,,,,,,,,,,UK VAT 20%,14,active
classic-pique-polo,Classic Pique Polo,<p>Timeless pique polo shirt with ribbed collar and cuffs.</p>,,,Polo Shirt,,TRUE,Color,Black,Size,M,,,CLASSIC-PIQUE-POLO-BLACK-M,,,,,,34.99,,,,,,,,,,,,,,,,UK VAT 20%,14,active
classic-pique-polo,Classic Pique Polo,<p>Timeless pique polo shirt with ribbed collar and cuffs.</p>,,,Polo Shirt,,TRUE,Color,Black,Size,S,,,CLASSIC-PIQUE-POLO-BLACK-S,,,,,,34.99,,,,,,,,,,,,,,,,UK VAT 20%,14,active
classic-pique-polo,Classic Pique Polo,<p>Timeless pique polo shirt with ribbed collar and cuffs.</p>,,,Polo Shirt,,TRUE,Color,Black,Size,XL,,,CLASSIC-PIQUE-POLO-BLACK-XL,,,,,,34.99,,,,,,,,,,,,,,,,UK VAT 20%,14,active
classic-pique-polo,Classic Pique Polo,<p>Timeless pique polo shirt with ribbed collar and cuffs.</p>,,,Polo Shirt,,TRUE,Color,Burgundy,Size,L,,,CLASSIC-PIQUE-POLO-BURGUNDY-L,,,,,,34.99,,,,,,,,,,,,,,,,UK VAT 20%,14,active
classic-pique-polo,Classic Pique Polo,<p>Timeless pique polo shirt with ribbed collar and cuffs.</p>,,,Polo Shirt,,TRUE,Color,Burgundy,Size,M,,,CLASSIC-PIQUE-POLO-BURGUNDY-M,,,,,,34.99,,,,,,,,,,,,,,,,UK VAT 20%,14,active
classic-pique-polo,Classic Pique Polo,<p>Timeless pique polo shirt with ribbed collar and cuffs.</p>,,,Polo Shirt,,TRUE,Color,Burgundy,Size,S,,,CLASSIC-PIQUE-POLO-BURGUNDY-S,,,,,,34.99,,,,,,,,,,,,,,,,UK VAT 20%,14,active
classic-pique-polo,Classic Pique Polo,<p>Timeless pique polo shirt with ribbed collar and cuffs.</p>,,,Polo Shirt,,TRUE,Color,Burgundy,Size,XL,,,CLASSIC-PIQUE-POLO-BURGUNDY-XL,,,,,,34.99,,,,,,,,,,,,,,,,UK VAT 20%,14,active
classic-pique-polo,Classic Pique Polo,<p>Timeless pique polo shirt with ribbed collar and cuffs.</p>,,,Polo Shirt,,TRUE,Color,Navy,Size,L,,,CLASSIC-PIQUE-POLO-NAVY-L,,,,,,34.99,,,,,,,,,,,,,,,,UK VAT 20%,14,active
classic-pique-polo,Classic Pique Polo,<p>Timeless pique polo shirt with ribbed collar and cuffs.</p>,,,Polo Shirt,,TRUE,Color,Navy,Size,M,,,CLASSIC-PIQUE-POLO-NAVY-M,,,,,,34.99,,,,,,,,,,,,,,,,UK VAT 20%,14,active
classic-pique-polo,Classic Pique Polo,<p>Timeless pique polo shirt with ribbed collar and cuffs.</p>,,,Polo Shirt,,TRUE,Color,Navy,Size,S,,,CLASSIC-PIQUE-POLO-NAVY-S,,,,,,34.99,,,,,,,,,,,,,,,,UK VAT 20%,14,active
classic-pique-polo,Classic Pique Polo,<p>Timeless pique polo shirt with ribbed collar and cuffs.</p>,,,Polo Shirt,,TRUE,Color,Navy,Size,XL,,,CLASSIC-PIQUE-POLO-NAVY-XL,,,,,,34.99,,,,,,,,,,,,,,,,UK VAT 20%,14,active
classic-pique-polo,Classic Pique Polo,<p>Timeless pique polo shirt with ribbed collar and cuffs.</p>,,,Polo Shirt,,TRUE,Color,Royal Blue,Size,L,,,CLASSIC-PIQUE-POLO-ROYAL-BLUE-L,,,,,,34.99,,,,,,,,,,,,,,,,UK VAT 20%,14,active
classic-pique-polo,Classic Pique Polo,<p>Timeless pique polo shirt with ribbed collar and cuffs.</p>,,,Polo Shirt,,TRUE,Color,Royal Blue,Size,M,,,CLASSIC-PIQUE-POLO-ROYAL-BLUE-M,,,,,,34.99,,,,,,,,,,,,,,,,UK VAT 20%,14,active
classic-pique-polo,Classic Pique Polo,<p>Timeless pique polo shirt with ribbed collar and cuffs.</p>,,,Polo Shirt,,TRUE,Color,Royal Blue,Size,S,,,CLASSIC-PIQUE-POLO-ROYAL-BLUE-S,,,,,,34.99,,,,,,,,,,,,,,,,UK VAT 20%,14,active
classic-pique-polo,Classic Pique Polo,<p>Timeless pique polo shirt with ribbed collar and cuffs.</p>,,,Polo Shirt,,TRUE,Color,Royal Blue,Size,XL,,,CLASSIC-PIQUE-POLO-ROYAL-BLUE-XL,,,,,,34.99,,,,,,,,,,,,,,,,UK VAT 20%,14,active
classic-pique-polo,Classic Pique Polo,<p>Timeless pique polo shirt with ribbed collar and cuffs.</p>,,,Polo Shirt,,TRUE,Color,White,Size,L,,,CLASSIC-PIQUE-POLO-WHITE-L,,,,,,34.99,,,,,,,,,,,,,,,,UK VAT 20%,14,active
classic-pique-polo,Classic Pique Polo,<p>Timeless pique polo shirt with ribbed collar and cuffs.</p>,,,Polo Shirt,,TRUE,Color,White,Size,M,,,CLASSIC-PIQUE-POLO-WHITE-M,,,,,,34.99,,,,,,,,,,,,,,,,UK VAT 20%,14,active
classic-pique-polo,Classic Pique Polo,<p>Timeless pique polo shirt with ribbed collar and cuffs.</p>,,,Polo Shirt,,TRUE,Color,White,Size,XL,,,CLASSIC-PIQUE-POLO-WHITE-XL,,,,,,34.99,,,,,,,,,,,,,,,,UK VAT 20%,14,active
classic-zip-hoodie,Classic Zip Hoodie,<p>Full zip hoodie with metal zipper and split kangaroo pockets.</p>,,,Hoodie,,TRUE,Color,Black,Size,S,,,CLASSIC-ZIP-HOODIE-BLACK-S,,,,,,64.99,,,,,,,,,,,,,,,,UK VAT 20%,26,active
classic-zip-hoodie,Classic Zip Hoodie,<p>Full zip hoodie with metal zipper and split kangaroo pockets.</p>,,,Hoodie,,TRUE,Color,Black,Size,L,,,CLASSIC-ZIP-HOODIE-BLACK-L,,,,,,64.99,,,,,,,,,,,,,,,,UK VAT 20%,26,active
classic-zip-hoodie,Classic Zip Hoodie,<p>Full zip hoodie with metal zipper and split kangaroo pockets.</p>,,,Hoodie,,TRUE,Color,Black,Size,M,,,CLASSIC-ZIP-HOODIE-BLACK-M,,,,,,64.99,,,,,,,,,,,,,,,,UK VAT 20%,26,active
classic-zip-hoodie,Classic Zip Hoodie,<p>Full zip hoodie with metal zipper and split kangaroo pockets.</p>,,,Hoodie,,TRUE,Color,Black,Size,XL,,,CLASSIC-ZIP-HOODIE-BLACK-XL,,,,,,64.99,,,,,,,,,,,,,,,,UK VAT 20%,26,active
classic-zip-hoodie,Classic Zip Hoodie,<p>Full zip hoodie with metal zipper and split kangaroo pockets.</p>,,,Hoodie,,TRUE,Color,Charcoal,Size,L,,,CLASSIC-ZIP-HOODIE-CHARCOAL-L,,,,,,64.99,,,,,,,,,,,,,,,,UK VAT 20%,26,active
classic-zip-hoodie,Classic Zip Hoodie,<p>Full zip hoodie with metal zipper and split kangaroo pockets.</p>,,,Hoodie,,TRUE,Color,Charcoal,Size,M,,,CLASSIC-ZIP-HOODIE-CHARCOAL-M,,,,,,64.99,,,,,,,,,,,,,,,,UK VAT 20%,26,active
classic-zip-hoodie,Classic Zip Hoodie,<p>Full zip hoodie with metal zipper and split kangaroo pockets.</p>,,,Hoodie,,TRUE,Color,Charcoal,Size,S,,,CLASSIC-ZIP-HOODIE-CHARCOAL-S,,,,,,64.99,,,,,,,,,,,,,,,,UK VAT 20%,26,active
classic-zip-hoodie,Classic Zip Hoodie,<p>Full zip hoodie with metal zipper and split kangaroo pockets.</p>,,,Hoodie,,TRUE,Color,Charcoal,Size,XL,,,CLASSIC-ZIP-HOODIE-CHARCOAL-XL,,,,,,64.99,,,,,,,,,,,,,,,,UK VAT 20%,26,active
classic-zip-hoodie,Classic Zip Hoodie,<p>Full zip hoodie with metal zipper and split kangaroo pockets.</p>,,,Hoodie,,TRUE,Color,Navy,Size,L,,,CLASSIC-ZIP-HOODIE-NAVY-L,,,,,,64.99,,,,,,,,,,,,,,,,UK VAT 20%,26,active
classic-zip-hoodie,Classic Zip Hoodie,<p>Full zip hoodie with metal zipper and split kangaroo pockets.</p>,,,Hoodie,,TRUE,Color,Navy,Size,M,,,CLASSIC-ZIP-HOODIE-NAVY-M,,,,,,64.99,,,,,,,,,,,,,,,,UK VAT 20%,26,active
classic-zip-hoodie,Classic Zip Hoodie,<p>Full zip hoodie with metal zipper and split kangaroo pockets.</p>,,,Hoodie,,TRUE,Color,Navy,Size,S,,,CLASSIC-ZIP-HOODIE-NAVY-S,,,,,,64.99,,,,,,,,,,,,,,,,UK VAT 20%,26,active
classic-zip-hoodie,Classic Zip Hoodie,<p>Full zip hoodie with metal zipper and split kangaroo pockets.</p>,,,Hoodie,,TRUE,Color,Navy,Size,XL,,,CLASSIC-ZIP-HOODIE-NAVY-XL,,,,,,64.99,,,,,,,,,,,,,,,,UK VAT 20%,26,active
custom-print-service,Custom Print Service,<p>Made-to-order custom print service. Upload your design!</p>,,,Digital Product,,TRUE,,,,,,,CUSTOM-PRINT-SERVICE,,,,,,34.99,,,,,,,,,,,,,,,,UK VAT 20%,14,active
denim-jacket,Denim Jacket,<p>Classic denim jacket with button front and chest pockets.</p>,,,Jacket,,TRUE,Color,Navy,Size,XS,,,DENIM-JACKET-NAVY-XS,,,,,,79.99,,,,,,,,,,,,,,,,UK VAT 20%,32,active
denim-jacket,Denim Jacket,<p>Classic denim jacket with button front and chest pockets.</p>,,,Jacket,,TRUE,Color,Black,Size,2XL,,,DENIM-JACKET-BLACK-2XL,,,,,,79.99,,,,,,,,,,,,,,,,UK VAT 20%,32,active
denim-jacket,Denim Jacket,<p>Classic denim jacket with button front and chest pockets.</p>,,,Jacket,,TRUE,Color,Black,Size,L,,,DENIM-JACKET-BLACK-L,,,,,,79.99,,,,,,,,,,,,,,,,UK VAT 20%,32,active
denim-jacket,Denim Jacket,<p>Classic denim jacket with button front and chest pockets.</p>,,,Jacket,,TRUE,Color,Black,Size,M,,,DENIM-JACKET-BLACK-M,,,,,,79.99,,,,,,,,,,,,,,,,UK VAT 20%,32,active
denim-jacket,Denim Jacket,<p>Classic denim jacket with button front and chest pockets.</p>,,,Jacket,,TRUE,Color,Black,Size,S,,,DENIM-JACKET-BLACK-S,,,,,,79.99,,,,,,,,,,,,,,,,UK VAT 20%,32,active
denim-jacket,Denim Jacket,<p>Classic denim jacket with button front and chest pockets.</p>,,,Jacket,,TRUE,Color,Black,Size,XL,,,DENIM-JACKET-BLACK-XL,,,,,,79.99,,,,,,,,,,,,,,,,UK VAT 20%,32,active
denim-jacket,Denim Jacket,<p>Classic denim jacket with button front and chest pockets.</p>,,,Jacket,,TRUE,Color,Black,Size,XS,,,DENIM-JACKET-BLACK-XS,,,,,,79.99,,,,,,,,,,,,,,,,UK VAT 20%,32,active
denim-jacket,Denim Jacket,<p>Classic denim jacket with button front and chest pockets.</p>,,,Jacket,,TRUE,Color,Navy,Size,2XL,,,DENIM-JACKET-NAVY-2XL,,,,,,79.99,,,,,,,,,,,,,,,,UK VAT 20%,32,active
denim-jacket,Denim Jacket,<p>Classic denim jacket with button front and chest pockets.</p>,,,Jacket,,TRUE,Color,Navy,Size,L,,,DENIM-JACKET-NAVY-L,,,,,,79.99,,,,,,,,,,,,,,,,UK VAT 20%,32,active
denim-jacket,Denim Jacket,<p>Classic denim jacket with button front and chest pockets.</p>,,,Jacket,,TRUE,Color,Navy,Size,M,,,DENIM-JACKET-NAVY-M,,,,,,79.99,,,,,,,,,,,,,,,,UK VAT 20%,32,active
denim-jacket,Denim Jacket,<p>Classic denim jacket with button front and chest pockets.</p>,,,Jacket,,TRUE,Color,Navy,Size,S,,,DENIM-JACKET-NAVY-S,,,,,,79.99,,,,,,,,,,,,,,,,UK VAT 20%,32,active
denim-jacket,Denim Jacket,<p>Classic denim jacket with button front and chest pockets.</p>,,,Jacket,,TRUE,Color,Navy,Size,XL,,,DENIM-JACKET-NAVY-XL,,,,,,79.99,,,,,,,,,,,,,,,,UK VAT 20%,32,active
denim-jacket,Denim Jacket,<p>Classic denim jacket with button front and chest pockets.</p>,,,Jacket,,TRUE,Color,Sky Blue,Size,2XL,,,DENIM-JACKET-SKY-BLUE-2XL,,,,,,79.99,,,,,,,,,,,,,,,,UK VAT 20%,32,active
denim-jacket,Denim Jacket,<p>Classic denim jacket with button front and chest pockets.</p>,,,Jacket,,TRUE,Color,Sky Blue,Size,L,,,DENIM-JACKET-SKY-BLUE-L,,,,,,79.99,,,,,,,,,,,,,,,,UK VAT 20%,32,active
denim-jacket,Denim Jacket,<p>Classic denim jacket with button front and chest pockets.</p>,,,Jacket,,TRUE,Color,Sky Blue,Size,M,,,DENIM-JACKET-SKY-BLUE-M,,,,,,79.99,,,,,,,,,,,,,,,,UK VAT 20%,32,active
denim-jacket,Denim Jacket,<p>Classic denim jacket with button front and chest pockets.</p>,,,Jacket,,TRUE,Color,Sky Blue,Size,S,,,DENIM-JACKET-SKY-BLUE-S,,,,,,79.99,,,,,,,,,,,,,,,,UK VAT 20%,32,active
denim-jacket,Denim Jacket,<p>Classic denim jacket with button front and chest pockets.</p>,,,Jacket,,TRUE,Color,Sky Blue,Size,XL,,,DENIM-JACKET-SKY-BLUE-XL,,,,,,79.99,,,,,,,,,,,,,,,,UK VAT 20%,32,active
denim-jacket,Denim Jacket,<p>Classic denim jacket with button front and chest pockets.</p>,,,Jacket,,TRUE,Color,Sky Blue,Size,XS,,,DENIM-JACKET-SKY-BLUE-XS,,,,,,79.99,,,,,,,,,,,,,,,,UK VAT 20%,32,active
duffle-gym-bag,Duffle Gym Bag,<p>Spacious duffle bag with shoe compartment.</p>,,,Bag,,TRUE,Color,Black,,,,,DUFFLE-GYM-BAG-BLACK,,,,,,39.99,,,,,,,,,,,,,,,,UK VAT 20%,16,active
duffle-gym-bag,Duffle Gym Bag,<p>Spacious duffle bag with shoe compartment.</p>,,,Bag,,TRUE,Color,Charcoal,,,,,DUFFLE-GYM-BAG-CHARCOAL,,,,,,39.99,,,,,,,,,,,,,,,,UK VAT 20%,16,active
duffle-gym-bag,Duffle Gym Bag,<p>Spacious duffle bag with shoe compartment.</p>,,,Bag,,TRUE,Color,Navy,,,,,DUFFLE-GYM-BAG-NAVY,,,,,,39.99,,,,,,,,,,,,,,,,UK VAT 20%,16,active
gift-card-100,Gift Card - £100,"<p>Digital gift card, delivered via email.</p>",,,Digital Product,,TRUE,,,,,,,GIFT-CARD-100,,,,,,100,,,,,,,,,,,,,,,,UK VAT 20%,40,active
gift-card-25,Gift Card - £25,"<p>Digital gift card, delivered via email.</p>",,,Digital Product,,TRUE,,,,,,,GIFT-CARD-25,,,,,,25,,,,,,,,,,,,,,,,UK VAT 20%,10,active
gift-card-50,Gift Card - £50,"<p>Digital gift card, delivered via email.</p>",,,Digital Product,,TRUE,,,,,,,GIFT-CARD-50,,,,,,50,,,,,,,,,,,,,,,,UK VAT 20%,20,active
gift-card-75,Gift Card - £75,"<p>Digital gift card, delivered via email.</p>",,,Digital Product,,TRUE,,,,,,,GIFT-CARD-75,,,,,,75,,,,,,,,,,,,,,,,UK VAT 20%,30,active
graphic-print-tee,Graphic Print Tee,<p>Bold graphic print t-shirt for statement style.</p>,,,T-Shirt,,TRUE,Color,White,Size,S,,,GRAPHIC-PRINT-TEE-WHITE-S,,,,,,22.99,,,,,,,,,,,,,,,,UK VAT 20%,9.2,active
graphic-print-tee,Graphic Print Tee,<p>Bold graphic print t-shirt for statement style.</p>,,,T-Shirt,,TRUE,Color,Black,Size,L,,,GRAPHIC-PRINT-TEE-BLACK-L,,,,,,22.99,,,,,,,,,,,,,,,,UK VAT 20%,9.2,active
graphic-print-tee,Graphic Print Tee,<p>Bold graphic print t-shirt for statement style.</p>,,,T-Shirt,,TRUE,Color,Black,Size,M,,,GRAPHIC-PRINT-TEE-BLACK-M,,,,,,22.99,,,,,,,,,,,,,,,,UK VAT 20%,9.2,active
graphic-print-tee,Graphic Print Tee,<p>Bold graphic print t-shirt for statement style.</p>,,,T-Shirt,,TRUE,Color,Black,Size,S,,,GRAPHIC-PRINT-TEE-BLACK-S,,,,,,22.99,,,,,,,,,,,,,,,,UK VAT 20%,9.2,active
graphic-print-tee,Graphic Print Tee,<p>Bold graphic print t-shirt for statement style.</p>,,,T-Shirt,,TRUE,Color,Black,Size,XL,,,GRAPHIC-PRINT-TEE-BLACK-XL,,,,,,22.99,,,,,,,,,,,,,,,,UK VAT 20%,9.2,active
graphic-print-tee,Graphic Print Tee,<p>Bold graphic print t-shirt for statement style.</p>,,,T-Shirt,,TRUE,Color,Red,Size,L,,,GRAPHIC-PRINT-TEE-RED-L,,,,,,22.99,,,,,,,,,,,,,,,,UK VAT 20%,9.2,active
graphic-print-tee,Graphic Print Tee,<p>Bold graphic print t-shirt for statement style.</p>,,,T-Shirt,,TRUE,Color,Red,Size,M,,,GRAPHIC-PRINT-TEE-RED-M,,,,,,22.99,,,,,,,,,,,,,,,,UK VAT 20%,9.2,active
graphic-print-tee,Graphic Print Tee,<p>Bold graphic print t-shirt for statement style.</p>,,,T-Shirt,,TRUE,Color,Red,Size,S,,,GRAPHIC-PRINT-TEE-RED-S,,,,,,22.99,,,,,,,,,,,,,,,,UK VAT 20%,9.2,active
graphic-print-tee,Graphic Print Tee,<p>Bold graphic print t-shirt for statement style.</p>,,,T-Shirt,,TRUE,Color,Red,Size,XL,,,GRAPHIC-PRINT-TEE-RED-XL,,,,,,22.99,,,,,,,,,,,,,,,,UK VAT 20%,9.2,active
graphic-print-tee,Graphic Print Tee,<p>Bold graphic print t-shirt for statement style.</p>,,,T-Shirt,,TRUE,Color,White,Size,L,,,GRAPHIC-PRINT-TEE-WHITE-L,,,,,,22.99,,,,,,,,,,,,,,,,UK VAT 20%,9.2,active
graphic-print-tee,Graphic Print Tee,<p>Bold graphic print t-shirt for statement style.</p>,,,T-Shirt,,TRUE,Color,White,Size,M,,,GRAPHIC-PRINT-TEE-WHITE-M,,,,,,22.99,,,,,,,,,,,,,,,,UK VAT 20%,9.2,active
graphic-print-tee,Graphic Print Tee,<p>Bold graphic print t-shirt for statement style.</p>,,,T-Shirt,,TRUE,Color,White,Size,XL,,,GRAPHIC-PRINT-TEE-WHITE-XL,,,,,,22.99,,,,,,,,,,,,,,,,UK VAT 20%,9.2,active
heritage-collection-hoodie,Heritage Collection Hoodie,<p>Part of our exclusive UK Heritage Collection featuring traditional British craftsmanship. UK delivery only.</p>,,,Hoodie,,TRUE,Color,Burgundy,Size,XS,,,HERITAGE-COLLECTION-HOODIE-BURGUNDY-XS,,,,,,69.99,,,,,,,,,,,,,,,,UK VAT 20%,28,active
heritage-collection-hoodie,Heritage Collection Hoodie,<p>Part of our exclusive UK Heritage Collection featuring traditional British craftsmanship. UK delivery only.</p>,,,Hoodie,,TRUE,Color,Burgundy,Size,2XL,,,HERITAGE-COLLECTION-HOODIE-BURGUNDY-2XL,,,,,,69.99,,,,,,,,,,,,,,,,UK VAT 20%,28,active
heritage-collection-hoodie,Heritage Collection Hoodie,<p>Part of our exclusive UK Heritage Collection featuring traditional British craftsmanship. UK delivery only.</p>,,,Hoodie,,TRUE,Color,Burgundy,Size,L,,,HERITAGE-COLLECTION-HOODIE-BURGUNDY-L,,,,,,69.99,,,,,,,,,,,,,,,,UK VAT 20%,28,active
heritage-collection-hoodie,Heritage Collection Hoodie,<p>Part of our exclusive UK Heritage Collection featuring traditional British craftsmanship. UK delivery only.</p>,,,Hoodie,,TRUE,Color,Burgundy,Size,M,,,HERITAGE-COLLECTION-HOODIE-BURGUNDY-M,,,,,,69.99,,,,,,,,,,,,,,,,UK VAT 20%,28,active
heritage-collection-hoodie,Heritage Collection Hoodie,<p>Part of our exclusive UK Heritage Collection featuring traditional British craftsmanship. UK delivery only.</p>,,,Hoodie,,TRUE,Color,Burgundy,Size,S,,,HERITAGE-COLLECTION-HOODIE-BURGUNDY-S,,,,,,69.99,,,,,,,,,,,,,,,,UK VAT 20%,28,active
heritage-collection-hoodie,Heritage Collection Hoodie,<p>Part of our exclusive UK Heritage Collection featuring traditional British craftsmanship. UK delivery only.</p>,,,Hoodie,,TRUE,Color,Burgundy,Size,XL,,,HERITAGE-COLLECTION-HOODIE-BURGUNDY-XL,,,,,,69.99,,,,,,,,,,,,,,,,UK VAT 20%,28,active
heritage-collection-hoodie,Heritage Collection Hoodie,<p>Part of our exclusive UK Heritage Collection featuring traditional British craftsmanship. UK delivery only.</p>,,,Hoodie,,TRUE,Color,Forest Green,Size,2XL,,,HERITAGE-COLLECTION-HOODIE-FOREST-GREEN-2XL,,,,,,69.99,,,,,,,,,,,,,,,,UK VAT 20%,28,active
heritage-collection-hoodie,Heritage Collection Hoodie,<p>Part of our exclusive UK Heritage Collection featuring traditional British craftsmanship. UK delivery only.</p>,,,Hoodie,,TRUE,Color,Forest Green,Size,L,,,HERITAGE-COLLECTION-HOODIE-FOREST-GREEN-L,,,,,,69.99,,,,,,,,,,,,,,,,UK VAT 20%,28,active
heritage-collection-hoodie,Heritage Collection Hoodie,<p>Part of our exclusive UK Heritage Collection featuring traditional British craftsmanship. UK delivery only.</p>,,,Hoodie,,TRUE,Color,Forest Green,Size,M,,,HERITAGE-COLLECTION-HOODIE-FOREST-GREEN-M,,,,,,69.99,,,,,,,,,,,,,,,,UK VAT 20%,28,active
heritage-collection-hoodie,Heritage Collection Hoodie,<p>Part of our exclusive UK Heritage Collection featuring traditional British craftsmanship. UK delivery only.</p>,,,Hoodie,,TRUE,Color,Forest Green,Size,S,,,HERITAGE-COLLECTION-HOODIE-FOREST-GREEN-S,,,,,,69.99,,,,,,,,,,,,,,,,UK VAT 20%,28,active
heritage-collection-hoodie,Heritage Collection Hoodie,<p>Part of our exclusive UK Heritage Collection featuring traditional British craftsmanship. UK delivery only.</p>,,,Hoodie,,TRUE,Color,Forest Green,Size,XL,,,HERITAGE-COLLECTION-HOODIE-FOREST-GREEN-XL,,,,,,69.99,,,,,,,,,,,,,,,,UK VAT 20%,28,active
heritage-collection-hoodie,Heritage Collection Hoodie,<p>Part of our exclusive UK Heritage Collection featuring traditional British craftsmanship. UK delivery only.</p>,,,Hoodie,,TRUE,Color,Forest Green,Size,XS,,,HERITAGE-COLLECTION-HOODIE-FOREST-GREEN-XS,,,,,,69.99,,,,,,,,,,,,,,,,UK VAT 20%,28,active
heritage-collection-hoodie,Heritage Collection Hoodie,<p>Part of our exclusive UK Heritage Collection featuring traditional British craftsmanship. UK delivery only.</p>,,,Hoodie,,TRUE,Color,Navy,Size,2XL,,,HERITAGE-COLLECTION-HOODIE-NAVY-2XL,,,,,,69.99,,,,,,,,,,,,,,,,UK VAT 20%,28,active
heritage-collection-hoodie,Heritage Collection Hoodie,<p>Part of our exclusive UK Heritage Collection featuring traditional British craftsmanship. UK delivery only.</p>,,,Hoodie,,TRUE,Color,Navy,Size,L,,,HERITAGE-COLLECTION-HOODIE-NAVY-L,,,,,,69.99,,,,,,,,,,,,,,,,UK VAT 20%,28,active
heritage-collection-hoodie,Heritage Collection Hoodie,<p>Part of our exclusive UK Heritage Collection featuring traditional British craftsmanship. UK delivery only.</p>,,,Hoodie,,TRUE,Color,Navy,Size,M,,,HERITAGE-COLLECTION-HOODIE-NAVY-M,,,,,,69.99,,,,,,,,,,,,,,,,UK VAT 20%,28,active
heritage-collection-hoodie,Heritage Collection Hoodie,<p>Part of our exclusive UK Heritage Collection featuring traditional British craftsmanship. UK delivery only.</p>,,,Hoodie,,TRUE,Color,Navy,Size,S,,,HERITAGE-COLLECTION-HOODIE-NAVY-S,,,,,,69.99,,,,,,,,,,,,,,,,UK VAT 20%,28,active
heritage-collection-hoodie,Heritage Collection Hoodie,<p>Part of our exclusive UK Heritage Collection featuring traditional British craftsmanship. UK delivery only.</p>,,,Hoodie,,TRUE,Color,Navy,Size,XL,,,HERITAGE-COLLECTION-HOODIE-NAVY-XL,,,,,,69.99,,,,,,,,,,,,,,,,UK VAT 20%,28,active
heritage-collection-hoodie,Heritage Collection Hoodie,<p>Part of our exclusive UK Heritage Collection featuring traditional British craftsmanship. UK delivery only.</p>,,,Hoodie,,TRUE,Color,Navy,Size,XS,,,HERITAGE-COLLECTION-HOODIE-NAVY-XS,,,,,,69.99,,,,,,,,,,,,,,,,UK VAT 20%,28,active
insulated-travel-mug,Insulated Travel Mug,<p>16oz stainless steel travel mug with leak-proof lid.</p>,,,Mug,,TRUE,Color,Black,,,,,INSULATED-TRAVEL-MUG-BLACK,,,,,,24.99,,,,,,,,,,,,,,,,UK VAT 20%,10,active
insulated-travel-mug,Insulated Travel Mug,<p>16oz stainless steel travel mug with leak-proof lid.</p>,,,Mug,,TRUE,Color,Navy,,,,,INSULATED-TRAVEL-MUG-NAVY,,,,,,24.99,,,,,,,,,,,,,,,,UK VAT 20%,10,active
insulated-travel-mug,Insulated Travel Mug,<p>16oz stainless steel travel mug with leak-proof lid.</p>,,,Mug,,TRUE,Color,Red,,,,,INSULATED-TRAVEL-MUG-RED,,,,,,24.99,,,,,,,,,,,,,,,,UK VAT 20%,10,active
insulated-travel-mug,Insulated Travel Mug,<p>16oz stainless steel travel mug with leak-proof lid.</p>,,,Mug,,TRUE,Color,White,,,,,INSULATED-TRAVEL-MUG-WHITE,,,,,,24.99,,,,,,,,,,,,,,,,UK VAT 20%,10,active
knit-beanie,Knit Beanie,<p>Warm knit beanie with fold-up cuff.</p>,,,Cap/Hat,,TRUE,Color,Black,,,,,KNIT-BEANIE-BLACK,,,,,,14.99,,,,,,,,,,,,,,,,UK VAT 20%,6,active
knit-beanie,Knit Beanie,<p>Warm knit beanie with fold-up cuff.</p>,,,Cap/Hat,,TRUE,Color,Burgundy,,,,,KNIT-BEANIE-BURGUNDY,,,,,,14.99,,,,,,,,,,,,,,,,UK VAT 20%,6,active
knit-beanie,Knit Beanie,<p>Warm knit beanie with fold-up cuff.</p>,,,Cap/Hat,,TRUE,Color,Forest Green,,,,,KNIT-BEANIE-FOREST-GREEN,,,,,,14.99,,,,,,,,,,,,,,,,UK VAT 20%,6,active
knit-beanie,Knit Beanie,<p>Warm knit beanie with fold-up cuff.</p>,,,Cap/Hat,,TRUE,Color,Grey,,,,,KNIT-BEANIE-GREY,,,,,,14.99,,,,,,,,,,,,,,,,UK VAT 20%,6,active
knit-beanie,Knit Beanie,<p>Warm knit beanie with fold-up cuff.</p>,,,Cap/Hat,,TRUE,Color,Navy,,,,,KNIT-BEANIE-NAVY,,,,,,14.99,,,,,,,,,,,,,,,,UK VAT 20%,6,active
lightweight-summer-hoodie,Lightweight Summer Hoodie,<p>Breathable lightweight hoodie perfect for cool summer evenings.</p>,,,Hoodie,,TRUE,Color,White,Size,S,,,LIGHTWEIGHT-SUMMER-HOODIE-WHITE-S,,,,,,44.99,,,,,,,,,,,,,,,,UK VAT 20%,18,active
lightweight-summer-hoodie,Lightweight Summer Hoodie,<p>Breathable lightweight hoodie perfect for cool summer evenings.</p>,,,Hoodie,,TRUE,Color,Grey,Size,L,,,LIGHTWEIGHT-SUMMER-HOODIE-GREY-L,,,,,,44.99,,,,,,,,,,,,,,,,UK VAT 20%,18,active
lightweight-summer-hoodie,Lightweight Summer Hoodie,<p>Breathable lightweight hoodie perfect for cool summer evenings.</p>,,,Hoodie,,TRUE,Color,Grey,Size,M,,,LIGHTWEIGHT-SUMMER-HOODIE-GREY-M,,,,,,44.99,,,,,,,,,,,,,,,,UK VAT 20%,18,active
lightweight-summer-hoodie,Lightweight Summer Hoodie,<p>Breathable lightweight hoodie perfect for cool summer evenings.</p>,,,Hoodie,,TRUE,Color,Grey,Size,S,,,LIGHTWEIGHT-SUMMER-HOODIE-GREY-S,,,,,,44.99,,,,,,,,,,,,,,,,UK VAT 20%,18,active
lightweight-summer-hoodie,Lightweight Summer Hoodie,<p>Breathable lightweight hoodie perfect for cool summer evenings.</p>,,,Hoodie,,TRUE,Color,Grey,Size,XL,,,LIGHTWEIGHT-SUMMER-HOODIE-GREY-XL,,,,,,44.99,,,,,,,,,,,,,,,,UK VAT 20%,18,active
lightweight-summer-hoodie,Lightweight Summer Hoodie,<p>Breathable lightweight hoodie perfect for cool summer evenings.</p>,,,Hoodie,,TRUE,Color,Sky Blue,Size,L,,,LIGHTWEIGHT-SUMMER-HOODIE-SKY-BLUE-L,,,,,,44.99,,,,,,,,,,,,,,,,UK VAT 20%,18,active
lightweight-summer-hoodie,Lightweight Summer Hoodie,<p>Breathable lightweight hoodie perfect for cool summer evenings.</p>,,,Hoodie,,TRUE,Color,Sky Blue,Size,M,,,LIGHTWEIGHT-SUMMER-HOODIE-SKY-BLUE-M,,,,,,44.99,,,,,,,,,,,,,,,,UK VAT 20%,18,active
lightweight-summer-hoodie,Lightweight Summer Hoodie,<p>Breathable lightweight hoodie perfect for cool summer evenings.</p>,,,Hoodie,,TRUE,Color,Sky Blue,Size,S,,,LIGHTWEIGHT-SUMMER-HOODIE-SKY-BLUE-S,,,,,,44.99,,,,,,,,,,,,,,,,UK VAT 20%,18,active
lightweight-summer-hoodie,Lightweight Summer Hoodie,<p>Breathable lightweight hoodie perfect for cool summer evenings.</p>,,,Hoodie,,TRUE,Color,Sky Blue,Size,XL,,,LIGHTWEIGHT-SUMMER-HOODIE-SKY-BLUE-XL,,,,,,44.99,,,,,,,,,,,,,,,,UK VAT 20%,18,active
lightweight-summer-hoodie,Lightweight Summer Hoodie,<p>Breathable lightweight hoodie perfect for cool summer evenings.</p>,,,Hoodie,,TRUE,Color,White,Size,L,,,LIGHTWEIGHT-SUMMER-HOODIE-WHITE-L,,,,,,44.99,,,,,,,,,,,,,,,,UK VAT 20%,18,active
lightweight-summer-hoodie,Lightweight Summer Hoodie,<p>Breathable lightweight hoodie perfect for cool summer evenings.</p>,,,Hoodie,,TRUE,Color,White,Size,M,,,LIGHTWEIGHT-SUMMER-HOODIE-WHITE-M,,,,,,44.99,,,,,,,,,,,,,,,,UK VAT 20%,18,active
lightweight-summer-hoodie,Lightweight Summer Hoodie,<p>Breathable lightweight hoodie perfect for cool summer evenings.</p>,,,Hoodie,,TRUE,Color,White,Size,XL,,,LIGHTWEIGHT-SUMMER-HOODIE-WHITE-XL,,,,,,44.99,,,,,,,,,,,,,,,,UK VAT 20%,18,active
limited-edition-tee,Limited Edition Tee,<p>Exclusive limited edition t-shirt. Currently sold out.</p>,,,T-Shirt,,TRUE,Color,White,Size,L,,,LIMITED-EDITION-TEE-WHITE-L,,,,,,34.99,,,,,,,,,,,,,,,,UK VAT 20%,14,active
limited-edition-tee,Limited Edition Tee,<p>Exclusive limited edition t-shirt. Currently sold out.</p>,,,T-Shirt,,TRUE,Color,Black,Size,L,,,LIMITED-EDITION-TEE-BLACK-L,,,,,,34.99,,,,,,,,,,,,,,,,UK VAT 20%,14,active
limited-edition-tee,Limited Edition Tee,<p>Exclusive limited edition t-shirt. Currently sold out.</p>,,,T-Shirt,,TRUE,Color,Black,Size,M,,,LIMITED-EDITION-TEE-BLACK-M,,,,,,34.99,,,,,,,,,,,,,,,,UK VAT 20%,14,active
limited-edition-tee,Limited Edition Tee,<p>Exclusive limited edition t-shirt. Currently sold out.</p>,,,T-Shirt,,TRUE,Color,Black,Size,S,,,LIMITED-EDITION-TEE-BLACK-S,,,,,,34.99,,,,,,,,,,,,,,,,UK VAT 20%,14,active
limited-edition-tee,Limited Edition Tee,<p>Exclusive limited edition t-shirt. Currently sold out.</p>,,,T-Shirt,,TRUE,Color,Black,Size,XL,,,LIMITED-EDITION-TEE-BLACK-XL,,,,,,34.99,,,,,,,,,,,,,,,,UK VAT 20%,14,active
limited-edition-tee,Limited Edition Tee,<p>Exclusive limited edition t-shirt. Currently sold out.</p>,,,T-Shirt,,TRUE,Color,White,Size,M,,,LIMITED-EDITION-TEE-WHITE-M,,,,,,34.99,,,,,,,,,,,,,,,,UK VAT 20%,14,active
limited-edition-tee,Limited Edition Tee,<p>Exclusive limited edition t-shirt. Currently sold out.</p>,,,T-Shirt,,TRUE,Color,White,Size,S,,,LIMITED-EDITION-TEE-WHITE-S,,,,,,34.99,,,,,,,,,,,,,,,,UK VAT 20%,14,active
limited-edition-tee,Limited Edition Tee,<p>Exclusive limited edition t-shirt. Currently sold out.</p>,,,T-Shirt,,TRUE,Color,White,Size,XL,,,LIMITED-EDITION-TEE-WHITE-XL,,,,,,34.99,,,,,,,,,,,,,,,,UK VAT 20%,14,active
long-sleeve-tee,Long Sleeve Tee,<p>Long sleeve cotton t-shirt perfect for layering.</p>,,,T-Shirt,,TRUE,Color,Navy,Size,S,,,LONG-SLEEVE-TEE-NAVY-S,,,,,,29.99,,,,,,,,,,,,,,,,UK VAT 20%,12,active
long-sleeve-tee,Long Sleeve Tee,<p>Long sleeve cotton t-shirt perfect for layering.</p>,,,T-Shirt,,TRUE,Color,Black,Size,L,,,LONG-SLEEVE-TEE-BLACK-L,,,,,,29.99,,,,,,,,,,,,,,,,UK VAT 20%,12,active
long-sleeve-tee,Long Sleeve Tee,<p>Long sleeve cotton t-shirt perfect for layering.</p>,,,T-Shirt,,TRUE,Color,Black,Size,M,,,LONG-SLEEVE-TEE-BLACK-M,,,,,,29.99,,,,,,,,,,,,,,,,UK VAT 20%,12,active
long-sleeve-tee,Long Sleeve Tee,<p>Long sleeve cotton t-shirt perfect for layering.</p>,,,T-Shirt,,TRUE,Color,Black,Size,S,,,LONG-SLEEVE-TEE-BLACK-S,,,,,,29.99,,,,,,,,,,,,,,,,UK VAT 20%,12,active
long-sleeve-tee,Long Sleeve Tee,<p>Long sleeve cotton t-shirt perfect for layering.</p>,,,T-Shirt,,TRUE,Color,Black,Size,XL,,,LONG-SLEEVE-TEE-BLACK-XL,,,,,,29.99,,,,,,,,,,,,,,,,UK VAT 20%,12,active
long-sleeve-tee,Long Sleeve Tee,<p>Long sleeve cotton t-shirt perfect for layering.</p>,,,T-Shirt,,TRUE,Color,Grey,Size,L,,,LONG-SLEEVE-TEE-GREY-L,,,,,,29.99,,,,,,,,,,,,,,,,UK VAT 20%,12,active
long-sleeve-tee,Long Sleeve Tee,<p>Long sleeve cotton t-shirt perfect for layering.</p>,,,T-Shirt,,TRUE,Color,Grey,Size,M,,,LONG-SLEEVE-TEE-GREY-M,,,,,,29.99,,,,,,,,,,,,,,,,UK VAT 20%,12,active
long-sleeve-tee,Long Sleeve Tee,<p>Long sleeve cotton t-shirt perfect for layering.</p>,,,T-Shirt,,TRUE,Color,Grey,Size,S,,,LONG-SLEEVE-TEE-GREY-S,,,,,,29.99,,,,,,,,,,,,,,,,UK VAT 20%,12,active
long-sleeve-tee,Long Sleeve Tee,<p>Long sleeve cotton t-shirt perfect for layering.</p>,,,T-Shirt,,TRUE,Color,Grey,Size,XL,,,LONG-SLEEVE-TEE-GREY-XL,,,,,,29.99,,,,,,,,,,,,,,,,UK VAT 20%,12,active
long-sleeve-tee,Long Sleeve Tee,<p>Long sleeve cotton t-shirt perfect for layering.</p>,,,T-Shirt,,TRUE,Color,Navy,Size,L,,,LONG-SLEEVE-TEE-NAVY-L,,,,,,29.99,,,,,,,,,,,,,,,,UK VAT 20%,12,active
long-sleeve-tee,Long Sleeve Tee,<p>Long sleeve cotton t-shirt perfect for layering.</p>,,,T-Shirt,,TRUE,Color,Navy,Size,M,,,LONG-SLEEVE-TEE-NAVY-M,,,,,,29.99,,,,,,,,,,,,,,,,UK VAT 20%,12,active
long-sleeve-tee,Long Sleeve Tee,<p>Long sleeve cotton t-shirt perfect for layering.</p>,,,T-Shirt,,TRUE,Color,Navy,Size,XL,,,LONG-SLEEVE-TEE-NAVY-XL,,,,,,29.99,,,,,,,,,,,,,,,,UK VAT 20%,12,active
organic-crew-neck,Organic Crew Neck,"<p>100% organic cotton crew neck, sustainably produced.</p>",,,T-Shirt,,TRUE,Color,Forest Green,Size,S,,,ORGANIC-CREW-NECK-FOREST-GREEN-S,,,,,,27.99,,,,,,,,,,,,,,,,UK VAT 20%,11.2,active
organic-crew-neck,Organic Crew Neck,"<p>100% organic cotton crew neck, sustainably produced.</p>",,,T-Shirt,,TRUE,Color,Black,Size,L,,,ORGANIC-CREW-NECK-BLACK-L,,,,,,27.99,,,,,,,,,,,,,,,,UK VAT 20%,11.2,active
organic-crew-neck,Organic Crew Neck,"<p>100% organic cotton crew neck, sustainably produced.</p>",,,T-Shirt,,TRUE,Color,Black,Size,M,,,ORGANIC-CREW-NECK-BLACK-M,,,,,,27.99,,,,,,,,,,,,,,,,UK VAT 20%,11.2,active
organic-crew-neck,Organic Crew Neck,"<p>100% organic cotton crew neck, sustainably produced.</p>",,,T-Shirt,,TRUE,Color,Black,Size,S,,,ORGANIC-CREW-NECK-BLACK-S,,,,,,27.99,,,,,,,,,,,,,,,,UK VAT 20%,11.2,active
organic-crew-neck,Organic Crew Neck,"<p>100% organic cotton crew neck, sustainably produced.</p>",,,T-Shirt,,TRUE,Color,Black,Size,XL,,,ORGANIC-CREW-NECK-BLACK-XL,,,,,,27.99,,,,,,,,,,,,,,,,UK VAT 20%,11.2,active
organic-crew-neck,Organic Crew Neck,"<p>100% organic cotton crew neck, sustainably produced.</p>",,,T-Shirt,,TRUE,Color,Forest Green,Size,L,,,ORGANIC-CREW-NECK-FOREST-GREEN-L,,,,,,27.99,,,,,,,,,,,,,,,,UK VAT 20%,11.2,active
organic-crew-neck,Organic Crew Neck,"<p>100% organic cotton crew neck, sustainably produced.</p>",,,T-Shirt,,TRUE,Color,Forest Green,Size,M,,,ORGANIC-CREW-NECK-FOREST-GREEN-M,,,,,,27.99,,,,,,,,,,,,,,,,UK VAT 20%,11.2,active
organic-crew-neck,Organic Crew Neck,"<p>100% organic cotton crew neck, sustainably produced.</p>",,,T-Shirt,,TRUE,Color,Forest Green,Size,XL,,,ORGANIC-CREW-NECK-FOREST-GREEN-XL,,,,,,27.99,,,,,,,,,,,,,,,,UK VAT 20%,11.2,active
organic-crew-neck,Organic Crew Neck,"<p>100% organic cotton crew neck, sustainably produced.</p>",,,T-Shirt,,TRUE,Color,Natural,Size,L,,,ORGANIC-CREW-NECK-NATURAL-L,,,,,,27.99,,,,,,,,,,,,,,,,UK VAT 20%,11.2,active
organic-crew-neck,Organic Crew Neck,"<p>100% organic cotton crew neck, sustainably produced.</p>",,,T-Shirt,,TRUE,Color,Natural,Size,M,,,ORGANIC-CREW-NECK-NATURAL-M,,,,,,27.99,,,,,,,,,,,,,,,,UK VAT 20%,11.2,active
organic-crew-neck,Organic Crew Neck,"<p>100% organic cotton crew neck, sustainably produced.</p>",,,T-Shirt,,TRUE,Color,Natural,Size,S,,,ORGANIC-CREW-NECK-NATURAL-S,,,,,,27.99,,,,,,,,,,,,,,,,UK VAT 20%,11.2,active
organic-crew-neck,Organic Crew Neck,"<p>100% organic cotton crew neck, sustainably produced.</p>",,,T-Shirt,,TRUE,Color,Natural,Size,XL,,,ORGANIC-CREW-NECK-NATURAL-XL,,,,,,27.99,,,,,,,,,,,,,,,,UK VAT 20%,11.2,active
performance-polo,Performance Polo,"<p>Moisture-wicking performance polo, perfect for golf or active wear.</p>",,,Polo Shirt,,TRUE,Color,White,Size,S,,,PERFORMANCE-POLO-WHITE-S,,,,,,39.99,,,,,,,,,,,,,,,,UK VAT 20%,16,active
performance-polo,Performance Polo,"<p>Moisture-wicking performance polo, perfect for golf or active wear.</p>",,,Polo Shirt,,TRUE,Color,Black,Size,L,,,PERFORMANCE-POLO-BLACK-L,,,,,,39.99,,,,,,,,,,,,,,,,UK VAT 20%,16,active
performance-polo,Performance Polo,"<p>Moisture-wicking performance polo, perfect for golf or active wear.</p>",,,Polo Shirt,,TRUE,Color,Black,Size,M,,,PERFORMANCE-POLO-BLACK-M,,,,,,39.99,,,,,,,,,,,,,,,,UK VAT 20%,16,active
performance-polo,Performance Polo,"<p>Moisture-wicking performance polo, perfect for golf or active wear.</p>",,,Polo Shirt,,TRUE,Color,Black,Size,S,,,PERFORMANCE-POLO-BLACK-S,,,,,,39.99,,,,,,,,,,,,,,,,UK VAT 20%,16,active
performance-polo,Performance Polo,"<p>Moisture-wicking performance polo, perfect for golf or active wear.</p>",,,Polo Shirt,,TRUE,Color,Black,Size,XL,,,PERFORMANCE-POLO-BLACK-XL,,,,,,39.99,,,,,,,,,,,,,,,,UK VAT 20%,16,active
performance-polo,Performance Polo,"<p>Moisture-wicking performance polo, perfect for golf or active wear.</p>",,,Polo Shirt,,TRUE,Color,Grey,Size,L,,,PERFORMANCE-POLO-GREY-L,,,,,,39.99,,,,,,,,,,,,,,,,UK VAT 20%,16,active
performance-polo,Performance Polo,"<p>Moisture-wicking performance polo, perfect for golf or active wear.</p>",,,Polo Shirt,,TRUE,Color,Grey,Size,M,,,PERFORMANCE-POLO-GREY-M,,,,,,39.99,,,,,,,,,,,,,,,,UK VAT 20%,16,active
performance-polo,Performance Polo,"<p>Moisture-wicking performance polo, perfect for golf or active wear.</p>",,,Polo Shirt,,TRUE,Color,Grey,Size,S,,,PERFORMANCE-POLO-GREY-S,,,,,,39.99,,,,,,,,,,,,,,,,UK VAT 20%,16,active
performance-polo,Performance Polo,"<p>Moisture-wicking performance polo, perfect for golf or active wear.</p>",,,Polo Shirt,,TRUE,Color,Grey,Size,XL,,,PERFORMANCE-POLO-GREY-XL,,,,,,39.99,,,,,,,,,,,,,,,,UK VAT 20%,16,active
performance-polo,Performance Polo,"<p>Moisture-wicking performance polo, perfect for golf or active wear.</p>",,,Polo Shirt,,TRUE,Color,Navy,Size,L,,,PERFORMANCE-POLO-NAVY-L,,,,,,39.99,,,,,,,,,,,,,,,,UK VAT 20%,16,active
performance-polo,Performance Polo,"<p>Moisture-wicking performance polo, perfect for golf or active wear.</p>",,,Polo Shirt,,TRUE,Color,Navy,Size,M,,,PERFORMANCE-POLO-NAVY-M,,,,,,39.99,,,,,,,,,,,,,,,,UK VAT 20%,16,active
performance-polo,Performance Polo,"<p>Moisture-wicking performance polo, perfect for golf or active wear.</p>",,,Polo Shirt,,TRUE,Color,Navy,Size,S,,,PERFORMANCE-POLO-NAVY-S,,,,,,39.99,,,,,,,,,,,,,,,,UK VAT 20%,16,active
performance-polo,Performance Polo,"<p>Moisture-wicking performance polo, perfect for golf or active wear.</p>",,,Polo Shirt,,TRUE,Color,Navy,Size,XL,,,PERFORMANCE-POLO-NAVY-XL,,,,,,39.99,,,,,,,,,,,,,,,,UK VAT 20%,16,active
performance-polo,Performance Polo,"<p>Moisture-wicking performance polo, perfect for golf or active wear.</p>",,,Polo Shirt,,TRUE,Color,White,Size,L,,,PERFORMANCE-POLO-WHITE-L,,,,,,39.99,,,,,,,,,,,,,,,,UK VAT 20%,16,active
performance-polo,Performance Polo,"<p>Moisture-wicking performance polo, perfect for golf or active wear.</p>",,,Polo Shirt,,TRUE,Color,White,Size,M,,,PERFORMANCE-POLO-WHITE-M,,,,,,39.99,,,,,,,,,,,,,,,,UK VAT 20%,16,active
performance-polo,Performance Polo,"<p>Moisture-wicking performance polo, perfect for golf or active wear.</p>",,,Polo Shirt,,TRUE,Color,White,Size,XL,,,PERFORMANCE-POLO-WHITE-XL,,,,,,39.99,,,,,,,,,,,,,,,,UK VAT 20%,16,active
premium-pullover-hoodie,Premium Pullover Hoodie,<p>Heavyweight premium hoodie with kangaroo pocket. Soft brushed fleece interior.</p>,,,Hoodie,,TRUE,Color,Black,Size,XS,,,PREMIUM-PULLOVER-HOODIE-BLACK-XS,,,,,,59.99,,,,,,,,,,,,,,,,UK VAT 20%,24,active
premium-pullover-hoodie,Premium Pullover Hoodie,<p>Heavyweight premium hoodie with kangaroo pocket. Soft brushed fleece interior.</p>,,,Hoodie,,TRUE,Color,Black,Size,2XL,,,PREMIUM-PULLOVER-HOODIE-BLACK-2XL,,,,,,59.99,,,,,,,,,,,,,,,,UK VAT 20%,24,active
premium-pullover-hoodie,Premium Pullover Hoodie,<p>Heavyweight premium hoodie with kangaroo pocket. Soft brushed fleece interior.</p>,,,Hoodie,,TRUE,Color,Black,Size,L,,,PREMIUM-PULLOVER-HOODIE-BLACK-L,,,,,,59.99,,,,,,,,,,,,,,,,UK VAT 20%,24,active
premium-pullover-hoodie,Premium Pullover Hoodie,<p>Heavyweight premium hoodie with kangaroo pocket. Soft brushed fleece interior.</p>,,,Hoodie,,TRUE,Color,Black,Size,M,,,PREMIUM-PULLOVER-HOODIE-BLACK-M,,,,,,59.99,,,,,,,,,,,,,,,,UK VAT 20%,24,active
premium-pullover-hoodie,Premium Pullover Hoodie,<p>Heavyweight premium hoodie with kangaroo pocket. Soft brushed fleece interior.</p>,,,Hoodie,,TRUE,Color,Black,Size,S,,,PREMIUM-PULLOVER-HOODIE-BLACK-S,,,,,,59.99,,,,,,,,,,,,,,,,UK VAT 20%,24,active
premium-pullover-hoodie,Premium Pullover Hoodie,<p>Heavyweight premium hoodie with kangaroo pocket. Soft brushed fleece interior.</p>,,,Hoodie,,TRUE,Color,Black,Size,XL,,,PREMIUM-PULLOVER-HOODIE-BLACK-XL,,,,,,59.99,,,,,,,,,,,,,,,,UK VAT 20%,24,active
premium-pullover-hoodie,Premium Pullover Hoodie,<p>Heavyweight premium hoodie with kangaroo pocket. Soft brushed fleece interior.</p>,,,Hoodie,,TRUE,Color,Burgundy,Size,2XL,,,PREMIUM-PULLOVER-HOODIE-BURGUNDY-2XL,,,,,,59.99,,,,,,,,,,,,,,,,UK VAT 20%,24,active
premium-pullover-hoodie,Premium Pullover Hoodie,<p>Heavyweight premium hoodie with kangaroo pocket. Soft brushed fleece interior.</p>,,,Hoodie,,TRUE,Color,Burgundy,Size,L,,,PREMIUM-PULLOVER-HOODIE-BURGUNDY-L,,,,,,59.99,,,,,,,,,,,,,,,,UK VAT 20%,24,active
premium-pullover-hoodie,Premium Pullover Hoodie,<p>Heavyweight premium hoodie with kangaroo pocket. Soft brushed fleece interior.</p>,,,Hoodie,,TRUE,Color,Burgundy,Size,M,,,PREMIUM-PULLOVER-HOODIE-BURGUNDY-M,,,,,,59.99,,,,,,,,,,,,,,,,UK VAT 20%,24,active
premium-pullover-hoodie,Premium Pullover Hoodie,<p>Heavyweight premium hoodie with kangaroo pocket. Soft brushed fleece interior.</p>,,,Hoodie,,TRUE,Color,Burgundy,Size,S,,,PREMIUM-PULLOVER-HOODIE-BURGUNDY-S,,,,,,59.99,,,,,,,,,,,,,,,,UK VAT 20%,24,active
premium-pullover-hoodie,Premium Pullover Hoodie,<p>Heavyweight premium hoodie with kangaroo pocket. Soft brushed fleece interior.</p>,,,Hoodie,,TRUE,Color,Burgundy,Size,XL,,,PREMIUM-PULLOVER-HOODIE-BURGUNDY-XL,,,,,,59.99,,,,,,,,,,,,,,,,UK VAT 20%,24,active
premium-pullover-hoodie,Premium Pullover Hoodie,<p>Heavyweight premium hoodie with kangaroo pocket. Soft brushed fleece interior.</p>,,,Hoodie,,TRUE,Color,Burgundy,Size,XS,,,PREMIUM-PULLOVER-HOODIE-BURGUNDY-XS,,,,,,59.99,,,,,,,,,,,,,,,,UK VAT 20%,24,active
premium-pullover-hoodie,Premium Pullover Hoodie,<p>Heavyweight premium hoodie with kangaroo pocket. Soft brushed fleece interior.</p>,,,Hoodie,,TRUE,Color,Heather Grey,Size,2XL,,,PREMIUM-PULLOVER-HOODIE-HEATHER-GREY-2XL,,,,,,59.99,,,,,,,,,,,,,,,,UK VAT 20%,24,active
premium-pullover-hoodie,Premium Pullover Hoodie,<p>Heavyweight premium hoodie with kangaroo pocket. Soft brushed fleece interior.</p>,,,Hoodie,,TRUE,Color,Heather Grey,Size,L,,,PREMIUM-PULLOVER-HOODIE-HEATHER-GREY-L,,,,,,59.99,,,,,,,,,,,,,,,,UK VAT 20%,24,active
premium-pullover-hoodie,Premium Pullover Hoodie,<p>Heavyweight premium hoodie with kangaroo pocket. Soft brushed fleece interior.</p>,,,Hoodie,,TRUE,Color,Heather Grey,Size,M,,,PREMIUM-PULLOVER-HOODIE-HEATHER-GREY-M,,,,,,59.99,,,,,,,,,,,,,,,,UK VAT 20%,24,active
premium-pullover-hoodie,Premium Pullover Hoodie,<p>Heavyweight premium hoodie with kangaroo pocket. Soft brushed fleece interior.</p>,,,Hoodie,,TRUE,Color,Heather Grey,Size,S,,,PREMIUM-PULLOVER-HOODIE-HEATHER-GREY-S,,,,,,59.99,,,,,,,,,,,,,,,,UK VAT 20%,24,active
premium-pullover-hoodie,Premium Pullover Hoodie,<p>Heavyweight premium hoodie with kangaroo pocket. Soft brushed fleece interior.</p>,,,Hoodie,,TRUE,Color,Heather Grey,Size,XL,,,PREMIUM-PULLOVER-HOODIE-HEATHER-GREY-XL,,,,,,59.99,,,,,,,,,,,,,,,,UK VAT 20%,24,active
premium-pullover-hoodie,Premium Pullover Hoodie,<p>Heavyweight premium hoodie with kangaroo pocket. Soft brushed fleece interior.</p>,,,Hoodie,,TRUE,Color,Heather Grey,Size,XS,,,PREMIUM-PULLOVER-HOODIE-HEATHER-GREY-XS,,,,,,59.99,,,,,,,,,,,,,,,,UK VAT 20%,24,active
premium-pullover-hoodie,Premium Pullover Hoodie,<p>Heavyweight premium hoodie with kangaroo pocket. Soft brushed fleece interior.</p>,,,Hoodie,,TRUE,Color,Navy,Size,2XL,,,PREMIUM-PULLOVER-HOODIE-NAVY-2XL,,,,,,59.99,,,,,,,,,,,,,,,,UK VAT 20%,24,active
premium-pullover-hoodie,Premium Pullover Hoodie,<p>Heavyweight premium hoodie with kangaroo pocket. Soft brushed fleece interior.</p>,,,Hoodie,,TRUE,Color,Navy,Size,L,,,PREMIUM-PULLOVER-HOODIE-NAVY-L,,,,,,59.99,,,,,,,,,,,,,,,,UK VAT 20%,24,active
premium-pullover-hoodie,Premium Pullover Hoodie,<p>Heavyweight premium hoodie with kangaroo pocket. Soft brushed fleece interior.</p>,,,Hoodie,,TRUE,Color,Navy,Size,M,,,PREMIUM-PULLOVER-HOODIE-NAVY-M,,,,,,59.99,,,,,,,,,,,,,,,,UK VAT 20%,24,active
premium-pullover-hoodie,Premium Pullover Hoodie,<p>Heavyweight premium hoodie with kangaroo pocket. Soft brushed fleece interior.</p>,,,Hoodie,,TRUE,Color,Navy,Size,S,,,PREMIUM-PULLOVER-HOODIE-NAVY-S,,,,,,59.99,,,,,,,,,,,,,,,,UK VAT 20%,24,active
premium-pullover-hoodie,Premium Pullover Hoodie,<p>Heavyweight premium hoodie with kangaroo pocket. Soft brushed fleece interior.</p>,,,Hoodie,,TRUE,Color,Navy,Size,XL,,,PREMIUM-PULLOVER-HOODIE-NAVY-XL,,,,,,59.99,,,,,,,,,,,,,,,,UK VAT 20%,24,active
premium-pullover-hoodie,Premium Pullover Hoodie,<p>Heavyweight premium hoodie with kangaroo pocket. Soft brushed fleece interior.</p>,,,Hoodie,,TRUE,Color,Navy,Size,XS,,,PREMIUM-PULLOVER-HOODIE-NAVY-XS,,,,,,59.99,,,,,,,,,,,,,,,,UK VAT 20%,24,active
premium-v-neck,Premium V-Neck,<p>Premium quality v-neck t-shirt with a modern fit. Limited availability.</p>,,,T-Shirt,,TRUE,Color,Grey,Size,S,,,PREMIUM-V-NECK-GREY-S,,,,,,24.99,,,,,,,,,,,,,,,,UK VAT 20%,10,active
premium-v-neck,Premium V-Neck,<p>Premium quality v-neck t-shirt with a modern fit. Limited availability.</p>,,,T-Shirt,,TRUE,Color,Burgundy,Size,L,,,PREMIUM-V-NECK-BURGUNDY-L,,,,,,24.99,,,,,,,,,,,,,,,,UK VAT 20%,10,active
premium-v-neck,Premium V-Neck,<p>Premium quality v-neck t-shirt with a modern fit. Limited availability.</p>,,,T-Shirt,,TRUE,Color,Burgundy,Size,M,,,PREMIUM-V-NECK-BURGUNDY-M,,,,,,24.99,,,,,,,,,,,,,,,,UK VAT 20%,10,active
premium-v-neck,Premium V-Neck,<p>Premium quality v-neck t-shirt with a modern fit. Limited availability.</p>,,,T-Shirt,,TRUE,Color,Burgundy,Size,S,,,PREMIUM-V-NECK-BURGUNDY-S,,,,,,24.99,,,,,,,,,,,,,,,,UK VAT 20%,10,active
premium-v-neck,Premium V-Neck,<p>Premium quality v-neck t-shirt with a modern fit. Limited availability.</p>,,,T-Shirt,,TRUE,Color,Burgundy,Size,XL,,,PREMIUM-V-NECK-BURGUNDY-XL,,,,,,24.99,,,,,,,,,,,,,,,,UK VAT 20%,10,active
premium-v-neck,Premium V-Neck,<p>Premium quality v-neck t-shirt with a modern fit. Limited availability.</p>,,,T-Shirt,,TRUE,Color,Grey,Size,L,,,PREMIUM-V-NECK-GREY-L,,,,,,24.99,,,,,,,,,,,,,,,,UK VAT 20%,10,active
premium-v-neck,Premium V-Neck,<p>Premium quality v-neck t-shirt with a modern fit. Limited availability.</p>,,,T-Shirt,,TRUE,Color,Grey,Size,M,,,PREMIUM-V-NECK-GREY-M,,,,,,24.99,,,,,,,,,,,,,,,,UK VAT 20%,10,active
premium-v-neck,Premium V-Neck,<p>Premium quality v-neck t-shirt with a modern fit. Limited availability.</p>,,,T-Shirt,,TRUE,Color,Grey,Size,XL,,,PREMIUM-V-NECK-GREY-XL,,,,,,24.99,,,,,,,,,,,,,,,,UK VAT 20%,10,active
premium-v-neck,Premium V-Neck,<p>Premium quality v-neck t-shirt with a modern fit. Limited availability.</p>,,,T-Shirt,,TRUE,Color,White,Size,L,,,PREMIUM-V-NECK-WHITE-L,,,,,,24.99,,,,,,,,,,,,,,,,UK VAT 20%,10,active
premium-v-neck,Premium V-Neck,<p>Premium quality v-neck t-shirt with a modern fit. Limited availability.</p>,,,T-Shirt,,TRUE,Color,White,Size,M,,,PREMIUM-V-NECK-WHITE-M,,,,,,24.99,,,,,,,,,,,,,,,,UK VAT 20%,10,active
premium-v-neck,Premium V-Neck,<p>Premium quality v-neck t-shirt with a modern fit. Limited availability.</p>,,,T-Shirt,,TRUE,Color,White,Size,S,,,PREMIUM-V-NECK-WHITE-S,,,,,,24.99,,,,,,,,,,,,,,,,UK VAT 20%,10,active
premium-v-neck,Premium V-Neck,<p>Premium quality v-neck t-shirt with a modern fit. Limited availability.</p>,,,T-Shirt,,TRUE,Color,White,Size,XL,,,PREMIUM-V-NECK-WHITE-XL,,,,,,24.99,,,,,,,,,,,,,,,,UK VAT 20%,10,active
snapback-cap,Snapback Cap,<p>Flat brim snapback cap with adjustable strap.</p>,,,Cap/Hat,,TRUE,Color,Black,,,,,SNAPBACK-CAP-BLACK,,,,,,24.99,,,,,,,,,,,,,,,,UK VAT 20%,10,active
snapback-cap,Snapback Cap,<p>Flat brim snapback cap with adjustable strap.</p>,,,Cap/Hat,,TRUE,Color,Burgundy,,,,,SNAPBACK-CAP-BURGUNDY,,,,,,24.99,,,,,,,,,,,,,,,,UK VAT 20%,10,active
snapback-cap,Snapback Cap,<p>Flat brim snapback cap with adjustable strap.</p>,,,Cap/Hat,,TRUE,Color,Heather Grey,,,,,SNAPBACK-CAP-HEATHER-GREY,,,,,,24.99,,,,,,,,,,,,,,,,UK VAT 20%,10,active
snapback-cap,Snapback Cap,<p>Flat brim snapback cap with adjustable strap.</p>,,,Cap/Hat,,TRUE,Color,Navy,,,,,SNAPBACK-CAP-NAVY,,,,,,24.99,,,,,,,,,,,,,,,,UK VAT 20%,10,active
softshell-jacket,Softshell Jacket,<p>Water-resistant softshell jacket with fleece lining.</p>,,,Jacket,,TRUE,Color,Black,Size,XS,,,SOFTSHELL-JACKET-BLACK-XS,,,,,,99.99,,,,,,,,,,,,,,,,UK VAT 20%,40,active
softshell-jacket,Softshell Jacket,<p>Water-resistant softshell jacket with fleece lining.</p>,,,Jacket,,TRUE,Color,Black,Size,2XL,,,SOFTSHELL-JACKET-BLACK-2XL,,,,,,99.99,,,,,,,,,,,,,,,,UK VAT 20%,40,active
softshell-jacket,Softshell Jacket,<p>Water-resistant softshell jacket with fleece lining.</p>,,,Jacket,,TRUE,Color,Black,Size,L,,,SOFTSHELL-JACKET-BLACK-L,,,,,,99.99,,,,,,,,,,,,,,,,UK VAT 20%,40,active
softshell-jacket,Softshell Jacket,<p>Water-resistant softshell jacket with fleece lining.</p>,,,Jacket,,TRUE,Color,Black,Size,M,,,SOFTSHELL-JACKET-BLACK-M,,,,,,99.99,,,,,,,,,,,,,,,,UK VAT 20%,40,active
softshell-jacket,Softshell Jacket,<p>Water-resistant softshell jacket with fleece lining.</p>,,,Jacket,,TRUE,Color,Black,Size,S,,,SOFTSHELL-JACKET-BLACK-S,,,,,,99.99,,,,,,,,,,,,,,,,UK VAT 20%,40,active
softshell-jacket,Softshell Jacket,<p>Water-resistant softshell jacket with fleece lining.</p>,,,Jacket,,TRUE,Color,Black,Size,XL,,,SOFTSHELL-JACKET-BLACK-XL,,,,,,99.99,,,,,,,,,,,,,,,,UK VAT 20%,40,active
softshell-jacket,Softshell Jacket,<p>Water-resistant softshell jacket with fleece lining.</p>,,,Jacket,,TRUE,Color,Charcoal,Size,2XL,,,SOFTSHELL-JACKET-CHARCOAL-2XL,,,,,,99.99,,,,,,,,,,,,,,,,UK VAT 20%,40,active
softshell-jacket,Softshell Jacket,<p>Water-resistant softshell jacket with fleece lining.</p>,,,Jacket,,TRUE,Color,Charcoal,Size,L,,,SOFTSHELL-JACKET-CHARCOAL-L,,,,,,99.99,,,,,,,,,,,,,,,,UK VAT 20%,40,active
softshell-jacket,Softshell Jacket,<p>Water-resistant softshell jacket with fleece lining.</p>,,,Jacket,,TRUE,Color,Charcoal,Size,M,,,SOFTSHELL-JACKET-CHARCOAL-M,,,,,,99.99,,,,,,,,,,,,,,,,UK VAT 20%,40,active
softshell-jacket,Softshell Jacket,<p>Water-resistant softshell jacket with fleece lining.</p>,,,Jacket,,TRUE,Color,Charcoal,Size,S,,,SOFTSHELL-JACKET-CHARCOAL-S,,,,,,99.99,,,,,,,,,,,,,,,,UK VAT 20%,40,active
softshell-jacket,Softshell Jacket,<p>Water-resistant softshell jacket with fleece lining.</p>,,,Jacket,,TRUE,Color,Charcoal,Size,XL,,,SOFTSHELL-JACKET-CHARCOAL-XL,,,,,,99.99,,,,,,,,,,,,,,,,UK VAT 20%,40,active
softshell-jacket,Softshell Jacket,<p>Water-resistant softshell jacket with fleece lining.</p>,,,Jacket,,TRUE,Color,Charcoal,Size,XS,,,SOFTSHELL-JACKET-CHARCOAL-XS,,,,,,99.99,,,,,,,,,,,,,,,,UK VAT 20%,40,active
softshell-jacket,Softshell Jacket,<p>Water-resistant softshell jacket with fleece lining.</p>,,,Jacket,,TRUE,Color,Navy,Size,2XL,,,SOFTSHELL-JACKET-NAVY-2XL,,,,,,99.99,,,,,,,,,,,,,,,,UK VAT 20%,40,active
softshell-jacket,Softshell Jacket,<p>Water-resistant softshell jacket with fleece lining.</p>,,,Jacket,,TRUE,Color,Navy,Size,L,,,SOFTSHELL-JACKET-NAVY-L,,,,,,99.99,,,,,,,,,,,,,,,,UK VAT 20%,40,active
softshell-jacket,Softshell Jacket,<p>Water-resistant softshell jacket with fleece lining.</p>,,,Jacket,,TRUE,Color,Navy,Size,M,,,SOFTSHELL-JACKET-NAVY-M,,,,,,99.99,,,,,,,,,,,,,,,,UK VAT 20%,40,active
softshell-jacket,Softshell Jacket,<p>Water-resistant softshell jacket with fleece lining.</p>,,,Jacket,,TRUE,Color,Navy,Size,S,,,SOFTSHELL-JACKET-NAVY-S,,,,,,99.99,,,,,,,,,,,,,,,,UK VAT 20%,40,active
softshell-jacket,Softshell Jacket,<p>Water-resistant softshell jacket with fleece lining.</p>,,,Jacket,,TRUE,Color,Navy,Size,XL,,,SOFTSHELL-JACKET-NAVY-XL,,,,,,99.99,,,,,,,,,,,,,,,,UK VAT 20%,40,active
softshell-jacket,Softshell Jacket,<p>Water-resistant softshell jacket with fleece lining.</p>,,,Jacket,,TRUE,Color,Navy,Size,XS,,,SOFTSHELL-JACKET-NAVY-XS,,,,,,99.99,,,,,,,,,,,,,,,,UK VAT 20%,40,active
sticker-pack-10-pcs,Sticker Pack (10 pcs),"<p>Assorted vinyl sticker pack, weatherproof and durable.</p>",,,Accessories,,TRUE,,,,,,,STICKER-PACK-10-PCS,,,,,,9.99,,,,,,,,,,,,,,,,UK VAT 20%,4,active
uk-collectible-mug,UK Collectible Mug,"<p>Limited edition collectible bone china mug with British heritage designs. Due to fragility, only ships within the UK.</p>",,,Mug,,TRUE,Color,White,,,,,UK-COLLECTIBLE-MUG-WHITE,,,,,,16.99,,,,,,,,,,,,,,,,UK VAT 20%,6.8,active
uk-collectible-mug,UK Collectible Mug,"<p>Limited edition collectible bone china mug with British heritage designs. Due to fragility, only ships within the UK.</p>",,,Mug,,TRUE,Color,Black,,,,,UK-COLLECTIBLE-MUG-BLACK,,,,,,16.99,,,,,,,,,,,,,,,,UK VAT 20%,6.8,active
uk-exclusive-vintage-tee,UK Exclusive Vintage Tee,<p>Limited edition vintage t-shirt featuring iconic British designs. Only available for UK delivery due to licensing restrictions.</p>,,,T-Shirt,,TRUE,Color,Black,Size,S,,,UK-EXCLUSIVE-VINTAGE-TEE-BLACK-S,,,,,,29.99,,,,,,,,,,,,,,,,UK VAT 20%,12,active
uk-exclusive-vintage-tee,UK Exclusive Vintage Tee,<p>Limited edition vintage t-shirt featuring iconic British designs. Only available for UK delivery due to licensing restrictions.</p>,,,T-Shirt,,TRUE,Color,Black,Size,L,,,UK-EXCLUSIVE-VINTAGE-TEE-BLACK-L,,,,,,29.99,,,,,,,,,,,,,,,,UK VAT 20%,12,active
uk-exclusive-vintage-tee,UK Exclusive Vintage Tee,<p>Limited edition vintage t-shirt featuring iconic British designs. Only available for UK delivery due to licensing restrictions.</p>,,,T-Shirt,,TRUE,Color,Black,Size,M,,,UK-EXCLUSIVE-VINTAGE-TEE-BLACK-M,,,,,,29.99,,,,,,,,,,,,,,,,UK VAT 20%,12,active
uk-exclusive-vintage-tee,UK Exclusive Vintage Tee,<p>Limited edition vintage t-shirt featuring iconic British designs. Only available for UK delivery due to licensing restrictions.</p>,,,T-Shirt,,TRUE,Color,Black,Size,XL,,,UK-EXCLUSIVE-VINTAGE-TEE-BLACK-XL,,,,,,29.99,,,,,,,,,,,,,,,,UK VAT 20%,12,active
uk-exclusive-vintage-tee,UK Exclusive Vintage Tee,<p>Limited edition vintage t-shirt featuring iconic British designs. Only available for UK delivery due to licensing restrictions.</p>,,,T-Shirt,,TRUE,Color,Burgundy,Size,L,,,UK-EXCLUSIVE-VINTAGE-TEE-BURGUNDY-L,,,,,,29.99,,,,,,,,,,,,,,,,UK VAT 20%,12,active
uk-exclusive-vintage-tee,UK Exclusive Vintage Tee,<p>Limited edition vintage t-shirt featuring iconic British designs. Only available for UK delivery due to licensing restrictions.</p>,,,T-Shirt,,TRUE,Color,Burgundy,Size,M,,,UK-EXCLUSIVE-VINTAGE-TEE-BURGUNDY-M,,,,,,29.99,,,,,,,,,,,,,,,,UK VAT 20%,12,active
uk-exclusive-vintage-tee,UK Exclusive Vintage Tee,<p>Limited edition vintage t-shirt featuring iconic British designs. Only available for UK delivery due to licensing restrictions.</p>,,,T-Shirt,,TRUE,Color,Burgundy,Size,S,,,UK-EXCLUSIVE-VINTAGE-TEE-BURGUNDY-S,,,,,,29.99,,,,,,,,,,,,,,,,UK VAT 20%,12,active
uk-exclusive-vintage-tee,UK Exclusive Vintage Tee,<p>Limited edition vintage t-shirt featuring iconic British designs. Only available for UK delivery due to licensing restrictions.</p>,,,T-Shirt,,TRUE,Color,Burgundy,Size,XL,,,UK-EXCLUSIVE-VINTAGE-TEE-BURGUNDY-XL,,,,,,29.99,,,,,,,,,,,,,,,,UK VAT 20%,12,active
uk-exclusive-vintage-tee,UK Exclusive Vintage Tee,<p>Limited edition vintage t-shirt featuring iconic British designs. Only available for UK delivery due to licensing restrictions.</p>,,,T-Shirt,,TRUE,Color,White,Size,L,,,UK-EXCLUSIVE-VINTAGE-TEE-WHITE-L,,,,,,29.99,,,,,,,,,,,,,,,,UK VAT 20%,12,active
uk-exclusive-vintage-tee,UK Exclusive Vintage Tee,<p>Limited edition vintage t-shirt featuring iconic British designs. Only available for UK delivery due to licensing restrictions.</p>,,,T-Shirt,,TRUE,Color,White,Size,M,,,UK-EXCLUSIVE-VINTAGE-TEE-WHITE-M,,,,,,29.99,,,,,,,,,,,,,,,,UK VAT 20%,12,active
uk-exclusive-vintage-tee,UK Exclusive Vintage Tee,<p>Limited edition vintage t-shirt featuring iconic British designs. Only available for UK delivery due to licensing restrictions.</p>,,,T-Shirt,,TRUE,Color,White,Size,S,,,UK-EXCLUSIVE-VINTAGE-TEE-WHITE-S,,,,,,29.99,,,,,,,,,,,,,,,,UK VAT 20%,12,active
uk-exclusive-vintage-tee,UK Exclusive Vintage Tee,<p>Limited edition vintage t-shirt featuring iconic British designs. Only available for UK delivery due to licensing restrictions.</p>,,,T-Shirt,,TRUE,Color,White,Size,XL,,,UK-EXCLUSIVE-VINTAGE-TEE-WHITE-XL,,,,,,29.99,,,,,,,,,,,,,,,,UK VAT 20%,12,active
